feature,importance
position_num,0.01618901273335105
cat_match_user,0.012769494244227353
channel_rank_semantic,0.005052452846282418
item_category_id,0.0027779098406539213
channel_score_synonym_bm25,0.0011632268730552564
channel_score_semantic,0.0009810545435317748
cat_match_org,0.0008053023331752174
description_term_overlap,0.0004752271976372624
channel_rank_bm25,0.00034554677124476463
channel_rank_synonym_bm25,0.000257436089145191
description_len_chars,0.00018335524639689904
title_len_chars,0.00017038360372112482
total_term_overlap,0.00014930308700844552
query_len,0.00011707728608012502
retrieval_synonym,6.72489042538027e-05
query_has_synonyms,5.473115273935125e-05
channel_rank_morphology,3.2452734950561e-05
query_has_correction,2.964148289075208e-05
channel_score_morphology,1.2913577778328467e-05
channel_rank_exact_structured,1.2607794823482621e-05
channel_score_bm25,1.045732789861642e-05
channel_rank_attribute,9.918741766812289e-06
appeared_in_multiple_channels,4.041551298072932e-06
item_category_name,1.3917953649208077e-06
channel_score_attribute,0.0
retrieval_exact,0.0
retrieval_channel_count,0.0
retrieval_score,0.0
query_in_history,0.0
is_popular_ste_org,0.0
normalized_query_len,0.0
query_has_digits,0.0
semantic_via_faiss,0.0
channel_score_fuzzy,0.0
retrieval_morphology,0.0
retrieval_bm25,0.0
retrieval_semantic,0.0
retrieval_rrf,0.0
channel_score_exact_structured,0.0
retrieval_fuzzy,0.0
supplier_match_user,0.0
is_recent_ste,0.0
brand_match_flag,0.0
numeric_constraint_match_flag,0.0
exact_match_flag,0.0
phrase_match_flag,0.0
category_match_flag,0.0
channel_rank_fuzzy,0.0
description_contains_query,0.0
semantic_backend_fallback,0.0
semantic_backend_bge_m3,0.0
fuzzy_edit_score,0.0
strict_term_coverage,0.0
attribute_overlap_count,0.0
title_term_overlap,0.0
attribute_term_overlap,0.0
attribute_value_count,0.0
title_partial_match,0.0
title_prefix_match,0.0
title_exact_match,0.0
item_supplier_name,0.0
item_supplier_id,0.0
item_status,0.0
retrieval_attribute,-2.187986518409346e-06
