"organization_id","top_categories_json","popular_ste_ids_json","updated_at"
"org_001","[""IT and Equipment"",""Office and Supplies"",""Transport""]","[""ste_000407"",""ste_000793"",""ste_000735"",""ste_001158"",""ste_000993"",""ste_000341"",""ste_001030"",""ste_000798""]","2026-03-27T19:29:33.9931988Z"
"org_002","[""IT and Equipment"",""Services"",""Office and Supplies""]","[""ste_000948"",""ste_000730"",""ste_000223"",""ste_000437"",""ste_001082"",""ste_000992"",""ste_000478"",""ste_000215""]","2026-03-27T19:29:33.9931988Z"
"org_003","[""Office and Supplies"",""Transport"",""Services""]","[""ste_000853"",""ste_000452"",""ste_000261"",""ste_000088"",""ste_000525"",""ste_000978"",""ste_000879"",""ste_000849""]","2026-03-27T19:29:33.9931988Z"
"org_004","[""Transport"",""Services"",""Office and Supplies""]","[""ste_001057"",""ste_000250"",""ste_000158"",""ste_000846"",""ste_000016"",""ste_000466"",""ste_000289"",""ste_000058""]","2026-03-27T19:29:33.9931988Z"
"org_005","[""Transport"",""Office and Supplies"",""Services""]","[""ste_001157"",""ste_000681"",""ste_000636"",""ste_001184"",""ste_001132"",""ste_000358"",""ste_001154"",""ste_001137""]","2026-03-27T19:29:33.9931988Z"
"org_006","[""Transport"",""Office and Supplies"",""IT and Equipment""]","[""ste_000143"",""ste_000848"",""ste_000621"",""ste_000319"",""ste_000304"",""ste_000494"",""ste_000220"",""ste_000325""]","2026-03-27T19:29:33.9931988Z"
"org_007","[""Transport"",""Services"",""Office and Supplies""]","[""ste_000325"",""ste_000123"",""ste_001018"",""ste_000944"",""ste_000424"",""ste_000777"",""ste_000350"",""ste_001064""]","2026-03-27T19:29:33.9931988Z"
"org_008","[""IT and Equipment"",""Services"",""Transport""]","[""ste_000674"",""ste_000732"",""ste_000526"",""ste_000857"",""ste_000556"",""ste_000003"",""ste_000827"",""ste_000115""]","2026-03-27T19:29:33.9931988Z"
"org_009","[""Services"",""Office and Supplies"",""IT and Equipment""]","[""ste_000990"",""ste_000282"",""ste_000913"",""ste_000861"",""ste_000280"",""ste_000991"",""ste_000853"",""ste_000934""]","2026-03-27T19:29:33.9931988Z"
"org_010","[""Services"",""Transport"",""IT and Equipment""]","[""ste_001030"",""ste_001145"",""ste_000233"",""ste_001118"",""ste_000740"",""ste_000568"",""ste_000058"",""ste_000073""]","2026-03-27T19:29:33.9931988Z"
"org_011","[""Transport"",""Services"",""IT and Equipment""]","[""ste_000865"",""ste_000751"",""ste_000946"",""ste_000712"",""ste_001107"",""ste_000550"",""ste_000531"",""ste_000768""]","2026-03-27T19:29:33.9931988Z"
"org_012","[""Office and Supplies"",""Transport"",""IT and Equipment""]","[""ste_000584"",""ste_000621"",""ste_000942"",""ste_000011"",""ste_000309"",""ste_000262"",""ste_000738"",""ste_000859""]","2026-03-27T19:29:33.9931988Z"
