"id","wrong_term","correct_term","source"
"spell_0001","mikroaftobus","mikroavtobus","synthetic"
"spell_0002","logstika","logistika","synthetic"
"spell_0003","aftobus","avtobus","synthetic"
"spell_0004","serer","server","synthetic"
"spell_0005","noutbukk","noutbuk","synthetic"
"spell_0006","komutator","kommutator","synthetic"
"spell_0007","klinng","klining","synthetic"
"spell_0008","tehpodderzka","tehpodderzhka","synthetic"
"spell_0009","obsluzhvaniye","obsluzhivanie","synthetic"
"spell_0010","kanctovri","kanctovary","synthetic"
"spell_0011","katridzh","kartridzh","synthetic"
"spell_0012","bumga","bumaga","synthetic"
