"id","name"
"sup_001","AO Vector1 Logistics"
"sup_002","AO Smart2 Service"
"sup_003","AO Transit3 Solutions"
"sup_004","ZAO Nova4 Group"
"sup_005","AO Metro5 Group"
"sup_006","OOO City6 Network"
"sup_007","IP Nova7 Systems"
"sup_008","ZAO Astra8 Supply"
"sup_009","AO Metro9 Logistics"
"sup_010","IP Infra10 Systems"
"sup_011","ZAO Urban11 Service"
"sup_012","IP Transit12 Network"
"sup_013","OOO Transit13 Supply"
"sup_014","ZAO City14 Service"
"sup_015","AO Smart15 Service"
"sup_016","OOO Smart16 Systems"
"sup_017","AO Urban17 Solutions"
"sup_018","AO Transit18 Network"
"sup_019","IP Infra19 Solutions"
"sup_020","ZAO Urban20 Solutions"
"sup_021","AO Transit21 Supply"
"sup_022","IP Smart22 Service"
"sup_023","AO Transit23 Trade"
"sup_024","IP City24 Group"
"sup_025","OOO Smart25 Logistics"
"sup_026","AO Metro26 Supply"
"sup_027","IP Vector27 Network"
"sup_028","OOO Metro28 Systems"
"sup_029","IP Smart29 Supply"
"sup_030","OOO Smart30 Systems"
