"id","term","synonym","weight","source"
"syn_0001","logistika","transportnaya logistika","0.84","synthetic"
"syn_0002","logistika","perevozki","0.89","synthetic"
"syn_0003","mikroavtobus","minibus","0.95","synthetic"
"syn_0004","mikroavtobus","marshrutny transport","0.71","synthetic"
"syn_0005","avtobus","passazhirskiy transport","0.85","synthetic"
"syn_0006","avtobus","bus","0.85","synthetic"
"syn_0007","server","servernoe oborudovanie","0.80","synthetic"
"syn_0008","server","compute node","0.75","synthetic"
"syn_0009","noutbuk","laptop","0.94","synthetic"
"syn_0010","noutbuk","mobilnaya rabochaya stanciya","0.96","synthetic"
"syn_0011","kommutator","switch","0.82","synthetic"
"syn_0012","kommutator","setevoy kommutator","1.00","synthetic"
"syn_0013","obsluzhivanie","ekspluataciya","0.98","synthetic"
"syn_0014","obsluzhivanie","servis","0.98","synthetic"
"syn_0015","tehpodderzhka","it support","0.90","synthetic"
"syn_0016","tehpodderzhka","service desk","1.00","synthetic"
"syn_0017","klining","uborka pomescheniy","0.78","synthetic"
"syn_0018","klining","cleaning service","0.80","synthetic"
"syn_0019","kartridzh","toner","0.81","synthetic"
"syn_0020","kartridzh","print consumables","0.99","synthetic"
"syn_0021","bumaga","paper","0.97","synthetic"
"syn_0022","bumaga","office paper","0.78","synthetic"
"syn_0023","kanctovary","stationery","0.83","synthetic"
"syn_0024","kanctovary","office supplies","0.76","synthetic"
