"user_id","organization_id","top_categories_json","recent_ste_ids_json","top_suppliers_json","popular_queries_json","updated_at"
"user_0001","org_001","[""Transport"",""Office and Supplies"",""Services""]","[""ste_000101"",""ste_000783"",""ste_000497"",""ste_000794""]","[""ZAO Astra8 Supply"",""AO Transit23 Trade"",""AO Transit21 Supply""]","[""kartridzh municipal"",""printer dlya zakupok"",""passazhirskie perevozki municipal"",""printer municipal"",""perevozki moskva"",""mikroavtobus portal postavshikov"",""mikroavtobus moskva"",""mikroaftobus""]","2026-03-27T19:29:33.9931988Z"
"user_0002","org_001","[""Transport"",""IT and Equipment"",""Services""]","[""ste_000266"",""ste_000753"",""ste_000647"",""ste_000817""]","[""IP Smart29 Supply"",""OOO Smart30 Systems"",""ZAO Astra8 Supply""]","[""arenda transporta portal postavshikov"",""logistika portal postavshikov"",""server dlya zakupok"",""mikroavtobus portal postavshikov"",""rabochaya stanciya"",""noutbuk"",""kommutator dlya zakupok"",""noutbuk dlya zakupok""]","2026-03-27T19:29:33.9931988Z"
"user_0003","org_001","[""Services"",""Office and Supplies""]","[""ste_001134"",""ste_000321"",""ste_000315"",""ste_000248""]","[""ZAO Urban20 Solutions"",""AO Metro26 Supply"",""IP Infra19 Solutions""]","[""paper moskva"",""ofisnaya mebel moskva"",""soprovozhdenie"",""katridzh moskva"",""klinng"",""uborka pomescheniy dlya zakupok"",""tehpodderzka"",""printer moskva""]","2026-03-27T19:29:33.9931988Z"
"user_0004","org_001","[""Transport"",""IT and Equipment""]","[""ste_000304"",""ste_000649"",""ste_000721"",""ste_000341""]","[""OOO Transit13 Supply"",""AO Metro5 Group"",""IP Infra10 Systems""]","[""arenda transporta portal postavshikov"",""mikroavtobus"",""setevoe oborudovanie portal postavshikov"",""mikroavtobus municipal"",""passazhirskie perevozki dlya zakupok"",""logistika dlya zakupok"",""mikroavtobus dlya zakupok"",""noutbukk dlya zakupok""]","2026-03-27T19:29:33.9931988Z"
"user_0005","org_001","[""Services"",""Transport"",""Office and Supplies""]","[""ste_000735"",""ste_000584"",""ste_000158"",""ste_000639""]","[""OOO Smart30 Systems"",""ZAO Nova4 Group"",""AO Transit18 Network""]","[""autsorsing moskva"",""mikroavtobus municipal"",""soprovozhdenie moskva"",""passazhirskie perevozki moskva"",""arenda transporta dlya zakupok"",""tehpodderzka portal postavshikov"",""tehpodderzka"",""mikroavtobus portal postavshikov""]","2026-03-27T19:29:33.9931988Z"
"user_0006","org_001","[""IT and Equipment"",""Services"",""Office and Supplies""]","[""ste_000175"",""ste_000706"",""ste_000193"",""ste_001129""]","[""AO Metro9 Logistics"",""IP Vector27 Network"",""IP Transit12 Network""]","[""rabochaya stanciya dlya zakupok"",""service desk municipal"",""kommutator municipal"",""service desk"",""mobilnaya rabochaya stanciya"",""tehpodderzhka portal postavshikov"",""klining moskva"",""obsluzhvaniye""]","2026-03-27T19:29:33.9931988Z"
"user_0007","org_001","[""Office and Supplies"",""IT and Equipment"",""Services""]","[""ste_000463"",""ste_001114"",""ste_000210"",""ste_000163""]","[""ZAO Nova4 Group"",""AO Transit21 Supply"",""IP Vector27 Network""]","[""setevoe oborudovanie dlya zakupok"",""setevoe oborudovanie moskva"",""kartridzh"",""ofisnaya mebel portal postavshikov"",""setevoy kommutator portal postavshikov"",""rabochaya stanciya dlya zakupok"",""noutbuk portal postavshikov"",""bumaga municipal""]","2026-03-27T19:29:33.9931988Z"
"user_0008","org_001","[""Office and Supplies"",""IT and Equipment""]","[""ste_000769"",""ste_000367"",""ste_000467"",""ste_001120""]","[""IP Infra19 Solutions"",""OOO Smart25 Logistics"",""AO Smart2 Service""]","[""kanctovary"",""noutbuk municipal"",""ofisnaya mebel moskva"",""setevoe oborudovanie moskva"",""noutbuk dlya zakupok"",""kanctovary municipal"",""ofisnaya mebel municipal"",""setevoe oborudovanie municipal""]","2026-03-27T19:29:33.9931988Z"
"user_0009","org_002","[""Services"",""Transport"",""IT and Equipment""]","[""ste_001034"",""ste_000187"",""ste_000743"",""ste_000900""]","[""ZAO Urban11 Service"",""AO Smart15 Service"",""OOO Smart30 Systems""]","[""soprovozhdenie dlya zakupok"",""passazhirskie perevozki municipal"",""mikroavtobus dlya zakupok"",""soprovozhdenie municipal"",""soprovozhdenie portal postavshikov"",""passazhirskie perevozki dlya zakupok"",""soprovozhdenie"",""servis moskva""]","2026-03-27T19:29:33.9931988Z"
"user_0010","org_002","[""IT and Equipment"",""Office and Supplies"",""Transport""]","[""ste_001057"",""ste_001186"",""ste_000948"",""ste_000730""]","[""AO Vector1 Logistics"",""ZAO City14 Service"",""ZAO Urban20 Solutions""]","[""ofisnaya mebel"",""kartridzh moskva"",""printer portal postavshikov"",""ofisnaya mebel moskva"",""setevoe oborudovanie dlya zakupok"",""bumaga"",""rabochaya stanciya moskva"",""printer moskva""]","2026-03-27T19:29:33.9931988Z"
"user_0011","org_002","[""Services"",""Transport""]","[""ste_000140"",""ste_001155"",""ste_000339"",""ste_000444""]","[""AO Metro5 Group"",""OOO Metro28 Systems"",""IP City24 Group""]","[""soprovozhdenie moskva"",""transportnaya logistika moskva"",""arenda transporta"",""logistika portal postavshikov"",""tehpodderzhka"",""obsluzhvaniye dlya zakupok"",""logstika"",""klining""]","2026-03-27T19:29:33.9931988Z"
"user_0012","org_002","[""Services"",""Transport"",""Office and Supplies""]","[""ste_000319"",""ste_001198"",""ste_000729"",""ste_000018""]","[""OOO Metro28 Systems"",""AO Metro5 Group"",""IP Smart29 Supply""]","[""arenda transporta dlya zakupok"",""soprovozhdenie"",""obsluzhivanie"",""passazhirskie perevozki dlya zakupok"",""autsorsing moskva"",""tehpodderzhka moskva"",""passazhirskie perevozki moskva"",""tehpodderzhka municipal""]","2026-03-27T19:29:33.9931988Z"
"user_0013","org_002","[""Services"",""IT and Equipment"",""Transport""]","[""ste_000676"",""ste_000446"",""ste_000782"",""ste_000820""]","[""AO Transit3 Solutions"",""ZAO Urban11 Service"",""ZAO Urban20 Solutions""]","[""server municipal"",""soprovozhdenie"",""autsorsing portal postavshikov"",""rabochaya stanciya moskva"",""obsluzhivanie municipal"",""ekspluataciya portal postavshikov"",""soprovozhdenie dlya zakupok"",""server""]","2026-03-27T19:29:33.9931988Z"
"user_0014","org_002","[""IT and Equipment"",""Services"",""Office and Supplies""]","[""ste_000232"",""ste_000603"",""ste_000326"",""ste_001018""]","[""OOO Transit13 Supply"",""AO Smart2 Service"",""ZAO City14 Service""]","[""soprovozhdenie moskva"",""klining moskva"",""rabochaya stanciya portal postavshikov"",""rabochaya stanciya moskva"",""autsorsing municipal"",""server portal postavshikov"",""soprovozhdenie"",""kommutator portal postavshikov""]","2026-03-27T19:29:33.9931988Z"
"user_0015","org_002","[""IT and Equipment"",""Office and Supplies"",""Services""]","[""ste_000159"",""ste_000401"",""ste_000620"",""ste_000948""]","[""IP Smart22 Service"",""IP Infra19 Solutions"",""OOO Metro28 Systems""]","[""server"",""kanctovri moskva"",""rabochaya stanciya"",""setevoe oborudovanie municipal"",""bumaga moskva"",""bumaga portal postavshikov"",""komutator municipal"",""kommutator dlya zakupok""]","2026-03-27T19:29:33.9931988Z"
"user_0016","org_002","[""IT and Equipment"",""Office and Supplies"",""Transport""]","[""ste_001133"",""ste_000223"",""ste_000437"",""ste_000470""]","[""ZAO Urban11 Service"",""AO Transit3 Solutions"",""AO Urban17 Solutions""]","[""server portal postavshikov"",""setevoe oborudovanie moskva"",""kommutator"",""ofisnaya mebel portal postavshikov"",""bumga moskva"",""servernoe oborudovanie municipal"",""compute node"",""printer municipal""]","2026-03-27T19:29:33.9931988Z"
"user_0017","org_003","[""Office and Supplies"",""Transport"",""IT and Equipment""]","[""ste_000247"",""ste_000137"",""ste_001001"",""ste_000088""]","[""OOO Metro28 Systems"",""AO Metro26 Supply"",""AO Smart15 Service""]","[""printer moskva"",""mikroavtobus dlya zakupok"",""arenda transporta municipal"",""ofisnaya mebel moskva"",""bumaga municipal"",""ofisnaya mebel"",""office paper municipal"",""arenda transporta""]","2026-03-27T19:29:33.9931988Z"
"user_0018","org_003","[""Services"",""Office and Supplies"",""Transport""]","[""ste_000078"",""ste_000557"",""ste_000452"",""ste_000164""]","[""IP Vector27 Network"",""ZAO Urban11 Service"",""AO Transit3 Solutions""]","[""printer portal postavshikov"",""klining municipal"",""ekspluataciya portal postavshikov"",""soprovozhdenie dlya zakupok"",""toner moskva"",""autsorsing portal postavshikov"",""soprovozhdenie municipal"",""obsluzhivanie municipal""]","2026-03-27T19:29:33.9931988Z"
"user_0019","org_003","[""Office and Supplies"",""Services"",""Transport""]","[""ste_000290"",""ste_000018"",""ste_000808"",""ste_000031""]","[""OOO Transit13 Supply"",""OOO Smart16 Systems"",""AO Vector1 Logistics""]","[""ofisnaya mebel dlya zakupok"",""autsorsing municipal"",""tehpodderzhka municipal"",""autsorsing moskva"",""servis moskva"",""klining municipal"",""paper municipal"",""bumga moskva""]","2026-03-27T19:29:33.9931988Z"
"user_0020","org_003","[""Transport"",""Office and Supplies"",""Services""]","[""ste_000301"",""ste_000890"",""ste_000921"",""ste_000183""]","[""IP Smart29 Supply"",""AO Transit21 Supply"",""AO Transit23 Trade""]","[""arenda transporta dlya zakupok"",""printer moskva"",""bumaga"",""bumaga moskva"",""arenda transporta municipal"",""kartridzh dlya zakupok"",""logistika portal postavshikov"",""avtobus dlya zakupok""]","2026-03-27T19:29:33.9931988Z"
"user_0021","org_003","[""Office and Supplies"",""Transport"",""IT and Equipment""]","[""ste_000123"",""ste_000751"",""ste_001055"",""ste_000181""]","[""ZAO Urban20 Solutions"",""IP Infra19 Solutions"",""ZAO City14 Service""]","[""printer moskva"",""kartridzh portal postavshikov"",""kartridzh"",""passazhirskie perevozki dlya zakupok"",""bumaga municipal"",""ofisnaya mebel municipal"",""arenda transporta"",""kartridzh dlya zakupok""]","2026-03-27T19:29:33.9931988Z"
"user_0022","org_003","[""Transport"",""Office and Supplies"",""Services""]","[""ste_001185"",""ste_001149"",""ste_000194"",""ste_001177""]","[""AO Transit23 Trade"",""IP Infra19 Solutions"",""OOO Metro28 Systems""]","[""ofisnaya mebel dlya zakupok"",""kanctovary"",""passazhirskie perevozki dlya zakupok"",""stationery"",""printer moskva"",""printer portal postavshikov"",""bumaga moskva"",""mikroavtobus portal postavshikov""]","2026-03-27T19:29:33.9931988Z"
"user_0023","org_003","[""Services"",""Transport"",""Office and Supplies""]","[""ste_000628"",""ste_000420"",""ste_000735"",""ste_000849""]","[""AO Smart15 Service"",""ZAO Urban20 Solutions"",""OOO Smart30 Systems""]","[""autsorsing"",""passazhirskie perevozki"",""passazhirskie perevozki moskva"",""soprovozhdenie municipal"",""soprovozhdenie dlya zakupok"",""logistika"",""avtobus municipal"",""minibus""]","2026-03-27T19:29:33.9931988Z"
"user_0024","org_003","[""Services"",""Transport"",""IT and Equipment""]","[""ste_000760"",""ste_001187"",""ste_001111"",""ste_000814""]","[""AO Transit18 Network"",""AO Smart2 Service"",""IP Vector27 Network""]","[""arenda transporta portal postavshikov"",""passazhirskie perevozki moskva"",""arenda transporta municipal"",""arenda transporta"",""soprovozhdenie municipal"",""soprovozhdenie moskva"",""soprovozhdenie portal postavshikov"",""avtobus municipal""]","2026-03-27T19:29:33.9931988Z"
"user_0025","org_004","[""Services"",""Transport"",""Office and Supplies""]","[""ste_000900"",""ste_001003"",""ste_000550"",""ste_000050""]","[""IP Vector27 Network"",""IP City24 Group"",""OOO Metro28 Systems""]","[""klinng"",""autsorsing dlya zakupok"",""soprovozhdenie dlya zakupok"",""passazhirskie perevozki dlya zakupok"",""mikroavtobus dlya zakupok"",""arenda transporta"",""autsorsing portal postavshikov"",""logistika portal postavshikov""]","2026-03-27T19:29:33.9931988Z"
"user_0026","org_004","[""Transport"",""Services"",""IT and Equipment""]","[""ste_001139"",""ste_000656"",""ste_000549"",""ste_000097""]","[""AO Metro5 Group"",""AO Smart2 Service"",""AO Vector1 Logistics""]","[""soprovozhdenie municipal"",""autsorsing dlya zakupok"",""arenda transporta dlya zakupok"",""arenda transporta"",""logistika portal postavshikov"",""logistika dlya zakupok"",""obsluzhivanie"",""it support""]","2026-03-27T19:29:33.9931988Z"
"user_0027","org_004","[""Transport"",""Office and Supplies""]","[""ste_000954"",""ste_000558"",""ste_000322"",""ste_000431""]","[""IP Smart29 Supply"",""ZAO Nova4 Group"",""AO Vector1 Logistics""]","[""kartridzh moskva"",""passazhirskie perevozki"",""ofisnaya mebel moskva"",""avtobus municipal"",""kanctovri dlya zakupok"",""marshrutny transport municipal"",""kanctovary municipal"",""marshrutny transport dlya zakupok""]","2026-03-27T19:29:33.9931988Z"
"user_0028","org_004","[""Office and Supplies"",""Services"",""Transport""]","[""ste_000859"",""ste_001163"",""ste_000400"",""ste_000049""]","[""AO Transit3 Solutions"",""AO Metro5 Group"",""ZAO Nova4 Group""]","[""tehpodderzhka municipal"",""soprovozhdenie municipal"",""autsorsing"",""bumaga"",""tehpodderzhka dlya zakupok"",""bumaga portal postavshikov"",""tehpodderzhka portal postavshikov"",""autsorsing dlya zakupok""]","2026-03-27T19:29:33.9931988Z"
"user_0029","org_004","[""Services"",""IT and Equipment"",""Office and Supplies""]","[""ste_000020"",""ste_001024"",""ste_000714"",""ste_000919""]","[""AO Transit3 Solutions"",""AO Metro26 Supply"",""AO Transit23 Trade""]","[""rabochaya stanciya municipal"",""klining"",""soprovozhdenie dlya zakupok"",""tehpodderzhka moskva"",""soprovozhdenie municipal"",""tehpodderzhka portal postavshikov"",""setevoe oborudovanie moskva"",""obsluzhvaniye""]","2026-03-27T19:29:33.9931988Z"
"user_0030","org_004","[""Office and Supplies"",""Services"",""Transport""]","[""ste_000748"",""ste_000235"",""ste_001033"",""ste_000916""]","[""OOO Smart25 Logistics"",""ZAO Urban11 Service"",""ZAO Nova4 Group""]","[""ofisnaya mebel municipal"",""ofisnaya mebel"",""autsorsing"",""bumaga municipal"",""ekspluataciya dlya zakupok"",""klining municipal"",""obsluzhivanie"",""kartridzh dlya zakupok""]","2026-03-27T19:29:33.9931988Z"
"user_0031","org_004","[""Transport"",""Office and Supplies"",""IT and Equipment""]","[""ste_000060"",""ste_000466"",""ste_000320"",""ste_001013""]","[""IP Smart29 Supply"",""IP Smart22 Service"",""AO Metro5 Group""]","[""bumaga"",""passazhirskie perevozki municipal"",""ofisnaya mebel"",""katridzh moskva"",""aftobus portal postavshikov"",""passazhirskie perevozki moskva"",""bumga portal postavshikov"",""print consumables municipal""]","2026-03-27T19:29:33.9931988Z"
"user_0032","org_004","[""Transport"",""Office and Supplies"",""Services""]","[""ste_000781"",""ste_000444"",""ste_000032"",""ste_000962""]","[""AO Metro5 Group"",""AO Vector1 Logistics"",""AO Transit18 Network""]","[""ofisnaya mebel municipal"",""arenda transporta dlya zakupok"",""arenda transporta"",""toner portal postavshikov"",""print consumables municipal"",""avtobus municipal"",""passazhirskiy transport portal postavshikov"",""kanctovri moskva""]","2026-03-27T19:29:33.9931988Z"
"user_0033","org_005","[""Transport"",""Services"",""Office and Supplies""]","[""ste_000688"",""ste_001157"",""ste_000016"",""ste_000482""]","[""AO Vector1 Logistics"",""AO Transit21 Supply"",""IP City24 Group""]","[""arenda transporta"",""passazhirskie perevozki"",""logistika dlya zakupok"",""logistika"",""arenda transporta dlya zakupok"",""autsorsing dlya zakupok"",""avtobus municipal"",""ekspluataciya dlya zakupok""]","2026-03-27T19:29:33.9931988Z"
"user_0034","org_005","[""Transport"",""IT and Equipment"",""Services""]","[""ste_000895"",""ste_000506"",""ste_000396"",""ste_000160""]","[""AO Metro5 Group"",""ZAO City14 Service"",""IP Smart22 Service""]","[""setevoe oborudovanie"",""logistika dlya zakupok"",""passazhirskie perevozki municipal"",""setevoe oborudovanie portal postavshikov"",""noutbuk municipal"",""passazhirskie perevozki"",""servernoe oborudovanie dlya zakupok"",""noutbukk municipal""]","2026-03-27T19:29:33.9931988Z"
"user_0035","org_005","[""Transport"",""Office and Supplies"",""Services""]","[""ste_000531"",""ste_000817"",""ste_000477"",""ste_000839""]","[""AO Transit18 Network"",""IP Transit12 Network"",""AO Urban17 Solutions""]","[""passazhirskie perevozki moskva"",""arenda transporta municipal"",""ofisnaya mebel portal postavshikov"",""printer dlya zakupok"",""ofisnaya mebel municipal"",""avtobus"",""arenda transporta"",""kanctovri moskva""]","2026-03-27T19:29:33.9931988Z"
"user_0036","org_005","[""Office and Supplies"",""Services"",""IT and Equipment""]","[""ste_000200"",""ste_001081"",""ste_000267"",""ste_000129""]","[""AO Transit21 Supply"",""OOO Transit13 Supply"",""AO Transit3 Solutions""]","[""printer moskva"",""bumaga dlya zakupok"",""tehpodderzka"",""autsorsing moskva"",""soprovozhdenie"",""bumga"",""service desk municipal"",""ofisnaya mebel municipal""]","2026-03-27T19:29:33.9931988Z"
"user_0037","org_005","[""Services"",""Transport""]","[""ste_000481"",""ste_000230"",""ste_001141"",""ste_000278""]","[""IP Vector27 Network"",""ZAO Urban11 Service"",""OOO Smart16 Systems""]","[""tehpodderzhka portal postavshikov"",""perevozki"",""klining"",""ekspluataciya municipal"",""autsorsing portal postavshikov"",""logstika"",""klinng municipal"",""passazhirskie perevozki moskva""]","2026-03-27T19:29:33.9931988Z"
"user_0038","org_005","[""Services"",""Transport""]","[""ste_000348"",""ste_000419"",""ste_000604"",""ste_000644""]","[""IP Vector27 Network"",""ZAO Astra8 Supply"",""AO Metro5 Group""]","[""mikroavtobus municipal"",""arenda transporta"",""mikroavtobus"",""tehpodderzhka dlya zakupok"",""autsorsing municipal"",""passazhirskie perevozki municipal"",""soprovozhdenie municipal"",""autsorsing moskva""]","2026-03-27T19:29:33.9931988Z"
"user_0039","org_005","[""Transport"",""Office and Supplies"",""IT and Equipment""]","[""ste_000450"",""ste_000713"",""ste_000769"",""ste_000181""]","[""AO Transit18 Network"",""AO Smart2 Service"",""IP Smart29 Supply""]","[""bus portal postavshikov"",""print consumables"",""printer moskva"",""ofisnaya mebel municipal"",""kanctovary dlya zakupok"",""arenda transporta municipal"",""printer"",""perevozki dlya zakupok""]","2026-03-27T19:29:33.9931988Z"
"user_0040","org_005","[""Office and Supplies"",""Services"",""IT and Equipment""]","[""ste_000681"",""ste_001150"",""ste_000348"",""ste_000900""]","[""IP City24 Group"",""AO Transit21 Supply"",""AO Transit3 Solutions""]","[""printer"",""kartridzh municipal"",""ofisnaya mebel dlya zakupok"",""soprovozhdenie municipal"",""klining"",""klining portal postavshikov"",""tehpodderzhka municipal"",""klining municipal""]","2026-03-27T19:29:33.9931988Z"
"user_0041","org_006","[""Office and Supplies"",""Transport"",""Services""]","[""ste_000313"",""ste_000381"",""ste_000595"",""ste_000423""]","[""IP Infra10 Systems"",""ZAO Nova4 Group"",""IP Smart22 Service""]","[""passazhirskie perevozki moskva"",""mikroavtobus moskva"",""bumaga municipal"",""ofisnaya mebel portal postavshikov"",""ofisnaya mebel municipal"",""arenda transporta"",""passazhirskie perevozki municipal"",""aftobus municipal""]","2026-03-27T19:29:33.9931988Z"
"user_0042","org_006","[""Office and Supplies"",""Transport"",""IT and Equipment""]","[""ste_000646"",""ste_000952"",""ste_000934"",""ste_001086""]","[""AO Transit18 Network"",""ZAO City14 Service"",""AO Urban17 Solutions""]","[""arenda transporta portal postavshikov"",""passazhirskie perevozki moskva"",""logistika"",""ofisnaya mebel portal postavshikov"",""passazhirskie perevozki dlya zakupok"",""toner"",""marshrutny transport moskva"",""kanctovary""]","2026-03-27T19:29:33.9931988Z"
"user_0043","org_006","[""Services"",""IT and Equipment"",""Transport""]","[""ste_000487"",""ste_000551"",""ste_000252"",""ste_000533""]","[""AO Smart15 Service"",""IP Vector27 Network"",""AO Transit3 Solutions""]","[""server dlya zakupok"",""rabochaya stanciya"",""kommutator"",""setevoy kommutator"",""soprovozhdenie municipal"",""autsorsing dlya zakupok"",""soprovozhdenie portal postavshikov"",""kommutator moskva""]","2026-03-27T19:29:33.9931988Z"
"user_0044","org_006","[""Transport"",""Office and Supplies"",""IT and Equipment""]","[""ste_000991"",""ste_000254"",""ste_000042"",""ste_000143""]","[""ZAO Urban11 Service"",""AO Transit21 Supply"",""IP Smart29 Supply""]","[""arenda transporta municipal"",""kartridzh dlya zakupok"",""ofisnaya mebel"",""ofisnaya mebel dlya zakupok"",""printer portal postavshikov"",""passazhirskie perevozki dlya zakupok"",""printer"",""logistika""]","2026-03-27T19:29:33.9931988Z"
"user_0045","org_006","[""IT and Equipment"",""Office and Supplies"",""Transport""]","[""ste_000996"",""ste_001194"",""ste_000441"",""ste_000331""]","[""AO Metro26 Supply"",""OOO Smart25 Logistics"",""ZAO Nova4 Group""]","[""katridzh municipal"",""printer"",""noutbuk dlya zakupok"",""server portal postavshikov"",""ofisnaya mebel"",""komutator moskva"",""printer moskva"",""rabochaya stanciya portal postavshikov""]","2026-03-27T19:29:33.9931988Z"
"user_0046","org_006","[""IT and Equipment"",""Transport"",""Office and Supplies""]","[""ste_000822"",""ste_000777"",""ste_000864"",""ste_000591""]","[""IP Vector27 Network"",""IP Smart29 Supply"",""AO Transit3 Solutions""]","[""switch portal postavshikov"",""passazhirskie perevozki portal postavshikov"",""avtobus moskva"",""setevoe oborudovanie moskva"",""passazhirskie perevozki"",""rabochaya stanciya dlya zakupok"",""mikroavtobus portal postavshikov"",""arenda transporta municipal""]","2026-03-27T19:29:33.9931988Z"
"user_0047","org_006","[""Office and Supplies"",""Transport"",""Services""]","[""ste_000803"",""ste_000332"",""ste_000304"",""ste_000371""]","[""ZAO Astra8 Supply"",""IP City24 Group"",""IP Transit12 Network""]","[""kartridzh moskva"",""printer dlya zakupok"",""ofisnaya mebel municipal"",""bumaga municipal"",""katridzh dlya zakupok"",""kartridzh municipal"",""avtobus dlya zakupok"",""office supplies""]","2026-03-27T19:29:33.9931988Z"
"user_0048","org_006","[""IT and Equipment"",""Transport"",""Services""]","[""ste_000694"",""ste_000483"",""ste_000652"",""ste_000822""]","[""AO Smart2 Service"",""ZAO Nova4 Group"",""ZAO Urban11 Service""]","[""server portal postavshikov"",""arenda transporta dlya zakupok"",""noutbuk municipal"",""rabochaya stanciya moskva"",""setevoe oborudovanie"",""noutbuk moskva"",""setevoy kommutator portal postavshikov"",""perevozki dlya zakupok""]","2026-03-27T19:29:33.9931988Z"
"user_0049","org_007","[""Office and Supplies"",""Services"",""Transport""]","[""ste_000239"",""ste_000833"",""ste_000148"",""ste_000176""]","[""IP City24 Group"",""IP Vector27 Network"",""AO Metro5 Group""]","[""bumaga moskva"",""kanctovary"",""printer dlya zakupok"",""klining dlya zakupok"",""autsorsing"",""printer"",""kanctovri moskva"",""ofisnaya mebel""]","2026-03-27T19:29:33.9931988Z"
"user_0050","org_007","[""IT and Equipment"",""Services""]","[""ste_000152"",""ste_000009"",""ste_000537"",""ste_000448""]","[""OOO Transit13 Supply"",""IP Infra19 Solutions"",""AO Smart2 Service""]","[""soprovozhdenie moskva"",""kommutator municipal"",""setevoe oborudovanie portal postavshikov"",""rabochaya stanciya portal postavshikov"",""noutbuk portal postavshikov"",""tehpodderzka portal postavshikov"",""soprovozhdenie municipal"",""noutbuk""]","2026-03-27T19:29:33.9931988Z"
"user_0051","org_007","[""Transport"",""IT and Equipment"",""Services""]","[""ste_001176"",""ste_000320"",""ste_000647"",""ste_000084""]","[""IP Infra19 Solutions"",""OOO Metro28 Systems"",""AO Metro26 Supply""]","[""setevoe oborudovanie portal postavshikov"",""passazhirskie perevozki municipal"",""passazhirskie perevozki portal postavshikov"",""arenda transporta portal postavshikov"",""mikroavtobus moskva"",""rabochaya stanciya portal postavshikov"",""setevoe oborudovanie"",""arenda transporta municipal""]","2026-03-27T19:29:33.9931988Z"
"user_0052","org_007","[""IT and Equipment"",""Office and Supplies""]","[""ste_000409"",""ste_000899"",""ste_000734"",""ste_000992""]","[""AO Transit21 Supply"",""AO Vector1 Logistics"",""IP Transit12 Network""]","[""noutbuk dlya zakupok"",""rabochaya stanciya"",""rabochaya stanciya portal postavshikov"",""printer dlya zakupok"",""server"",""servernoe oborudovanie"",""bumaga municipal"",""stationery""]","2026-03-27T19:29:33.9931988Z"
"user_0053","org_007","[""Transport"",""Office and Supplies"",""IT and Equipment""]","[""ste_000484"",""ste_000930"",""ste_000072"",""ste_001149""]","[""ZAO Astra8 Supply"",""IP Vector27 Network"",""OOO Smart30 Systems""]","[""passazhirskie perevozki portal postavshikov"",""avtobus portal postavshikov"",""arenda transporta moskva"",""printer dlya zakupok"",""arenda transporta municipal"",""passazhirskie perevozki dlya zakupok"",""kanctovri moskva"",""arenda transporta""]","2026-03-27T19:29:33.9931988Z"
"user_0054","org_007","[""Office and Supplies"",""Services"",""IT and Equipment""]","[""ste_000832"",""ste_000524"",""ste_001006"",""ste_000571""]","[""IP City24 Group"",""AO Transit21 Supply"",""IP Smart29 Supply""]","[""autsorsing portal postavshikov"",""autsorsing moskva"",""soprovozhdenie municipal"",""tehpodderzhka municipal"",""tehpodderzhka"",""autsorsing"",""soprovozhdenie dlya zakupok"",""bumaga moskva""]","2026-03-27T19:29:33.9931988Z"
"user_0055","org_007","[""Services"",""Transport"",""Office and Supplies""]","[""ste_000042"",""ste_001168"",""ste_000964"",""ste_000714""]","[""AO Vector1 Logistics"",""ZAO City14 Service"",""IP Vector27 Network""]","[""autsorsing municipal"",""obsluzhivanie"",""autsorsing dlya zakupok"",""bus"",""mikroavtobus dlya zakupok"",""autsorsing"",""autsorsing portal postavshikov"",""cleaning service moskva""]","2026-03-27T19:29:33.9931988Z"
"user_0056","org_007","[""Services"",""IT and Equipment"",""Transport""]","[""ste_000465"",""ste_000363"",""ste_000632"",""ste_001126""]","[""AO Metro9 Logistics"",""AO Transit23 Trade"",""AO Smart15 Service""]","[""tehpodderzhka"",""obsluzhivanie municipal"",""it support municipal"",""server municipal"",""klining moskva"",""setevoy kommutator"",""autsorsing portal postavshikov"",""soprovozhdenie municipal""]","2026-03-27T19:29:33.9931988Z"
"user_0057","org_008","[""Services"",""IT and Equipment"",""Transport""]","[""ste_000124"",""ste_000089"",""ste_000443"",""ste_000559""]","[""AO Vector1 Logistics"",""AO Transit21 Supply"",""IP Vector27 Network""]","[""rabochaya stanciya moskva"",""obsluzhivanie municipal"",""soprovozhdenie"",""autsorsing portal postavshikov"",""tehpodderzka"",""tehpodderzhka"",""tehpodderzhka moskva"",""autsorsing municipal""]","2026-03-27T19:29:33.9931988Z"
"user_0058","org_008","[""IT and Equipment"",""Transport"",""Services""]","[""ste_000478"",""ste_000552"",""ste_000830"",""ste_000620""]","[""ZAO Nova4 Group"",""AO Smart15 Service"",""OOO City6 Network""]","[""rabochaya stanciya"",""kommutator municipal"",""noutbuk"",""arenda transporta municipal"",""server"",""passazhirskie perevozki moskva"",""servernoe oborudovanie municipal"",""rabochaya stanciya dlya zakupok""]","2026-03-27T19:29:33.9931988Z"
"user_0059","org_008","[""IT and Equipment"",""Office and Supplies"",""Services""]","[""ste_000972"",""ste_000136"",""ste_000632"",""ste_000762""]","[""OOO Smart25 Logistics"",""ZAO Nova4 Group"",""IP Infra19 Solutions""]","[""kartridzh dlya zakupok"",""ofisnaya mebel municipal"",""rabochaya stanciya portal postavshikov"",""ofisnaya mebel"",""printer moskva"",""kommutator portal postavshikov"",""kanctovary"",""printer dlya zakupok""]","2026-03-27T19:29:33.9931988Z"
"user_0060","org_008","[""Transport"",""Services""]","[""ste_000882"",""ste_000047"",""ste_000348"",""ste_000097""]","[""AO Vector1 Logistics"",""AO Urban17 Solutions"",""OOO Metro28 Systems""]","[""tehpodderzhka moskva"",""passazhirskie perevozki portal postavshikov"",""soprovozhdenie municipal"",""soprovozhdenie"",""passazhirskie perevozki"",""obsluzhivanie municipal"",""obsluzhivanie dlya zakupok"",""transportnaya logistika municipal""]","2026-03-27T19:29:33.9931988Z"
"user_0061","org_008","[""IT and Equipment"",""Services"",""Office and Supplies""]","[""ste_000989"",""ste_000331"",""ste_000173"",""ste_000001""]","[""ZAO Nova4 Group"",""AO Transit3 Solutions"",""AO Transit21 Supply""]","[""noutbuk municipal"",""soprovozhdenie moskva"",""noutbukk portal postavshikov"",""obsluzhivanie moskva"",""noutbuk dlya zakupok"",""soprovozhdenie dlya zakupok"",""cleaning service"",""server moskva""]","2026-03-27T19:29:33.9931988Z"
"user_0062","org_008","[""IT and Equipment"",""Transport"",""Office and Supplies""]","[""ste_000827"",""ste_000654"",""ste_000569"",""ste_000377""]","[""AO Vector1 Logistics"",""ZAO Astra8 Supply"",""OOO Transit13 Supply""]","[""arenda transporta"",""mikroaftobus dlya zakupok"",""setevoe oborudovanie"",""servernoe oborudovanie"",""kommutator moskva"",""aftobus portal postavshikov"",""noutbukk"",""rabochaya stanciya""]","2026-03-27T19:29:33.9931988Z"
"user_0063","org_008","[""IT and Equipment"",""Services"",""Office and Supplies""]","[""ste_000766"",""ste_001135"",""ste_001016"",""ste_000629""]","[""IP Transit12 Network"",""AO Metro9 Logistics"",""AO Transit3 Solutions""]","[""obsluzhivanie dlya zakupok"",""rabochaya stanciya municipal"",""klining portal postavshikov"",""autsorsing dlya zakupok"",""soprovozhdenie dlya zakupok"",""komutator portal postavshikov"",""cleaning service moskva"",""rabochaya stanciya moskva""]","2026-03-27T19:29:33.9931988Z"
"user_0064","org_008","[""Office and Supplies"",""IT and Equipment"",""Transport""]","[""ste_000390"",""ste_000115"",""ste_000864"",""ste_000208""]","[""IP Smart29 Supply"",""AO Transit23 Trade"",""AO Vector1 Logistics""]","[""noutbuk moskva"",""setevoe oborudovanie portal postavshikov"",""setevoe oborudovanie municipal"",""kommutator dlya zakupok"",""bumaga portal postavshikov"",""katridzh"",""server"",""rabochaya stanciya moskva""]","2026-03-27T19:29:33.9931988Z"
"user_0065","org_009","[""Office and Supplies"",""Services"",""Transport""]","[""ste_000332"",""ste_001006"",""ste_000061"",""ste_000664""]","[""IP City24 Group"",""AO Smart2 Service"",""AO Metro26 Supply""]","[""klining moskva"",""bumaga municipal"",""autsorsing dlya zakupok"",""soprovozhdenie municipal"",""obsluzhivanie portal postavshikov"",""printer"",""obsluzhivanie dlya zakupok"",""it support municipal""]","2026-03-27T19:29:33.9931988Z"
"user_0066","org_009","[""Transport"",""Office and Supplies"",""Services""]","[""ste_001007"",""ste_000812"",""ste_001125"",""ste_000548""]","[""AO Vector1 Logistics"",""ZAO Urban11 Service"",""AO Transit18 Network""]","[""aftobus municipal"",""logistika portal postavshikov"",""kanctovary"",""ofisnaya mebel municipal"",""toner"",""avtobus dlya zakupok"",""passazhirskie perevozki moskva"",""bumga dlya zakupok""]","2026-03-27T19:29:33.9931988Z"
"user_0067","org_009","[""Services"",""Office and Supplies"",""IT and Equipment""]","[""ste_000334"",""ste_000307"",""ste_001195"",""ste_000749""]","[""AO Vector1 Logistics"",""OOO Smart25 Logistics"",""AO Smart2 Service""]","[""ofisnaya mebel"",""soprovozhdenie municipal"",""soprovozhdenie dlya zakupok"",""kanctovri municipal"",""ofisnaya mebel municipal"",""kanctovri moskva"",""bumga portal postavshikov"",""kanctovary""]","2026-03-27T19:29:33.9931988Z"
"user_0068","org_009","[""Transport"",""IT and Equipment"",""Services""]","[""ste_001032"",""ste_000827"",""ste_001053"",""ste_000681""]","[""IP City24 Group"",""ZAO City14 Service"",""IP Infra19 Solutions""]","[""arenda transporta"",""rabochaya stanciya dlya zakupok"",""setevoe oborudovanie portal postavshikov"",""logistika municipal"",""setevoe oborudovanie dlya zakupok"",""mikroavtobus dlya zakupok"",""setevoe oborudovanie"",""server moskva""]","2026-03-27T19:29:33.9931988Z"
"user_0069","org_009","[""Services"",""IT and Equipment"",""Office and Supplies""]","[""ste_000602"",""ste_000423"",""ste_000067"",""ste_000196""]","[""IP Infra19 Solutions"",""IP Nova7 Systems"",""AO Metro26 Supply""]","[""setevoe oborudovanie dlya zakupok"",""kommutator municipal"",""soprovozhdenie dlya zakupok"",""setevoe oborudovanie"",""noutbuk"",""ekspluataciya municipal"",""setevoy kommutator moskva"",""soprovozhdenie municipal""]","2026-03-27T19:29:33.9931988Z"
"user_0070","org_009","[""Services"",""Transport""]","[""ste_000884"",""ste_000269"",""ste_001192"",""ste_000617""]","[""IP Vector27 Network"",""AO Transit3 Solutions"",""IP City24 Group""]","[""passazhirskie perevozki municipal"",""obsluzhivanie moskva"",""mikroavtobus portal postavshikov"",""logistika moskva"",""autsorsing portal postavshikov"",""tehpodderzhka"",""service desk municipal"",""ekspluataciya municipal""]","2026-03-27T19:29:33.9931988Z"
"user_0071","org_009","[""Office and Supplies"",""Services"",""Transport""]","[""ste_000516"",""ste_000373"",""ste_000886"",""ste_001050""]","[""AO Transit23 Trade"",""AO Transit21 Supply"",""AO Transit3 Solutions""]","[""autsorsing portal postavshikov"",""obsluzhivanie dlya zakupok"",""soprovozhdenie dlya zakupok"",""printer moskva"",""obsluzhivanie"",""bumaga municipal"",""bumaga dlya zakupok"",""printer""]","2026-03-27T19:29:33.9931988Z"
"user_0072","org_009","[""IT and Equipment"",""Services""]","[""ste_001140"",""ste_001009"",""ste_000990"",""ste_000867""]","[""AO Vector1 Logistics"",""AO Transit3 Solutions"",""OOO City6 Network""]","[""setevoe oborudovanie dlya zakupok"",""soprovozhdenie moskva"",""kommutator portal postavshikov"",""soprovozhdenie dlya zakupok"",""kommutator moskva"",""server municipal"",""rabochaya stanciya moskva"",""autsorsing portal postavshikov""]","2026-03-27T19:29:33.9931988Z"
"user_0073","org_010","[""Services"",""Office and Supplies"",""IT and Equipment""]","[""ste_000990"",""ste_001030"",""ste_001191"",""ste_000440""]","[""IP Transit12 Network"",""AO Vector1 Logistics"",""AO Metro5 Group""]","[""ofisnaya mebel"",""printer portal postavshikov"",""ofisnaya mebel portal postavshikov"",""tehpodderzhka portal postavshikov"",""autsorsing portal postavshikov"",""soprovozhdenie municipal"",""katridzh portal postavshikov"",""tehpodderzka moskva""]","2026-03-27T19:29:33.9931988Z"
"user_0074","org_010","[""Transport"",""Services"",""Office and Supplies""]","[""ste_001129"",""ste_000860"",""ste_000369"",""ste_001102""]","[""AO Transit3 Solutions"",""ZAO Nova4 Group"",""AO Metro5 Group""]","[""autsorsing moskva"",""mikroavtobus dlya zakupok"",""obsluzhivanie"",""arenda transporta dlya zakupok"",""tehpodderzhka dlya zakupok"",""avtobus"",""klining portal postavshikov"",""tehpodderzhka""]","2026-03-27T19:29:33.9931988Z"
"user_0075","org_010","[""Transport"",""Office and Supplies"",""IT and Equipment""]","[""ste_000936"",""ste_000891"",""ste_000071"",""ste_000128""]","[""AO Smart15 Service"",""AO Metro9 Logistics"",""IP Vector27 Network""]","[""arenda transporta portal postavshikov"",""passazhirskie perevozki dlya zakupok"",""passazhirskie perevozki municipal"",""ofisnaya mebel municipal"",""printer"",""passazhirskie perevozki moskva"",""avtobus municipal"",""mikroaftobus portal postavshikov""]","2026-03-27T19:29:33.9931988Z"
"user_0076","org_010","[""Office and Supplies"",""Services"",""Transport""]","[""ste_001055"",""ste_000531"",""ste_000792"",""ste_000669""]","[""ZAO Urban20 Solutions"",""IP Smart29 Supply"",""AO Metro5 Group""]","[""kartridzh moskva"",""printer moskva"",""soprovozhdenie dlya zakupok"",""ofisnaya mebel moskva"",""printer"",""cleaning service moskva"",""soprovozhdenie municipal"",""ofisnaya mebel municipal""]","2026-03-27T19:29:33.9931988Z"
"user_0077","org_010","[""IT and Equipment"",""Transport"",""Services""]","[""ste_000586"",""ste_000740"",""ste_000056"",""ste_000015""]","[""ZAO City14 Service"",""AO Transit18 Network"",""IP Infra10 Systems""]","[""setevoe oborudovanie dlya zakupok"",""rabochaya stanciya"",""rabochaya stanciya moskva"",""passazhirskiy transport"",""rabochaya stanciya dlya zakupok"",""server"",""noutbuk dlya zakupok"",""mobilnaya rabochaya stanciya municipal""]","2026-03-27T19:29:33.9931988Z"
"user_0078","org_010","[""IT and Equipment"",""Services"",""Transport""]","[""ste_000809"",""ste_001190"",""ste_000990"",""ste_000423""]","[""IP City24 Group"",""IP Transit12 Network"",""IP Vector27 Network""]","[""rabochaya stanciya municipal"",""noutbuk dlya zakupok"",""setevoe oborudovanie moskva"",""soprovozhdenie moskva"",""kommutator municipal"",""kommutator portal postavshikov"",""obsluzhivanie dlya zakupok"",""obsluzhivanie""]","2026-03-27T19:29:33.9931988Z"
"user_0079","org_010","[""Transport"",""IT and Equipment"",""Services""]","[""ste_000254"",""ste_000845"",""ste_000124"",""ste_000610""]","[""ZAO Nova4 Group"",""AO Urban17 Solutions"",""AO Transit21 Supply""]","[""logistika portal postavshikov"",""noutbuk moskva"",""noutbuk"",""noutbuk municipal"",""mikroavtobus"",""kommutator"",""komutator municipal"",""kommutator dlya zakupok""]","2026-03-27T19:29:33.9931988Z"
"user_0080","org_010","[""Services"",""IT and Equipment"",""Transport""]","[""ste_000518"",""ste_000878"",""ste_000617"",""ste_000919""]","[""AO Metro5 Group"",""IP Transit12 Network"",""OOO Smart30 Systems""]","[""autsorsing"",""setevoe oborudovanie portal postavshikov"",""rabochaya stanciya dlya zakupok"",""soprovozhdenie municipal"",""obsluzhivanie dlya zakupok"",""service desk dlya zakupok"",""obsluzhivanie moskva"",""tehpodderzhka municipal""]","2026-03-27T19:29:33.9931988Z"
"user_0081","org_011","[""IT and Equipment"",""Transport"",""Office and Supplies""]","[""ste_000451"",""ste_000865"",""ste_000448"",""ste_000673""]","[""AO Transit21 Supply"",""ZAO Urban11 Service"",""OOO City6 Network""]","[""logistika dlya zakupok"",""mikroavtobus dlya zakupok"",""mikroavtobus municipal"",""arenda transporta portal postavshikov"",""server portal postavshikov"",""rabochaya stanciya"",""passazhirskie perevozki dlya zakupok"",""logistika municipal""]","2026-03-27T19:29:33.9931988Z"
"user_0082","org_011","[""Services"",""Transport"",""IT and Equipment""]","[""ste_001003"",""ste_000373"",""ste_000503"",""ste_001042""]","[""OOO Smart25 Logistics"",""AO Vector1 Logistics"",""AO Metro9 Logistics""]","[""soprovozhdenie portal postavshikov"",""passazhirskie perevozki dlya zakupok"",""logistika dlya zakupok"",""avtobus moskva"",""autsorsing dlya zakupok"",""mikroavtobus moskva"",""soprovozhdenie municipal"",""soprovozhdenie dlya zakupok""]","2026-03-27T19:29:33.9931988Z"
"user_0083","org_011","[""Transport"",""IT and Equipment""]","[""ste_000965"",""ste_000622"",""ste_000015"",""ste_001120""]","[""ZAO Urban11 Service"",""IP Infra10 Systems"",""ZAO Urban20 Solutions""]","[""rabochaya stanciya portal postavshikov"",""arenda transporta municipal"",""setevoe oborudovanie portal postavshikov"",""rabochaya stanciya municipal"",""setevoe oborudovanie municipal"",""setevoe oborudovanie moskva"",""mikroaftobus"",""servernoe oborudovanie municipal""]","2026-03-27T19:29:33.9931988Z"
"user_0084","org_011","[""Office and Supplies"",""Transport"",""IT and Equipment""]","[""ste_000169"",""ste_000347"",""ste_000432"",""ste_000946""]","[""ZAO City14 Service"",""AO Smart2 Service"",""OOO Metro28 Systems""]","[""passazhirskie perevozki moskva"",""passazhirskie perevozki municipal"",""logistika moskva"",""passazhirskiy transport moskva"",""bumaga dlya zakupok"",""kanctovary dlya zakupok"",""ofisnaya mebel portal postavshikov"",""printer municipal""]","2026-03-27T19:29:33.9931988Z"
"user_0085","org_011","[""Office and Supplies"",""Transport"",""Services""]","[""ste_000148"",""ste_000254"",""ste_000629"",""ste_000230""]","[""OOO Smart16 Systems"",""ZAO City14 Service"",""IP Infra19 Solutions""]","[""arenda transporta dlya zakupok"",""ofisnaya mebel moskva"",""arenda transporta"",""passazhirskie perevozki moskva"",""bumaga portal postavshikov"",""logistika moskva"",""arenda transporta portal postavshikov"",""print consumables dlya zakupok""]","2026-03-27T19:29:33.9931988Z"
"user_0086","org_011","[""IT and Equipment"",""Services""]","[""ste_000192"",""ste_000467"",""ste_000057"",""ste_000997""]","[""AO Metro5 Group"",""AO Transit3 Solutions"",""ZAO Urban20 Solutions""]","[""kommutator"",""rabochaya stanciya portal postavshikov"",""soprovozhdenie dlya zakupok"",""server portal postavshikov"",""setevoe oborudovanie dlya zakupok"",""autsorsing dlya zakupok"",""setevoe oborudovanie"",""tehpodderzhka""]","2026-03-27T19:29:33.9931988Z"
"user_0087","org_011","[""Transport"",""Services"",""Office and Supplies""]","[""ste_000049"",""ste_001157"",""ste_000761"",""ste_000028""]","[""ZAO Nova4 Group"",""ZAO Urban11 Service"",""IP Infra10 Systems""]","[""autsorsing portal postavshikov"",""soprovozhdenie moskva"",""passazhirskie perevozki moskva"",""autsorsing municipal"",""obsluzhivanie dlya zakupok"",""klinng"",""mikroavtobus municipal"",""it support""]","2026-03-27T19:29:33.9931988Z"
"user_0088","org_011","[""Services"",""Office and Supplies"",""Transport""]","[""ste_000670"",""ste_001104"",""ste_000048"",""ste_000401""]","[""AO Transit3 Solutions"",""AO Smart15 Service"",""IP Transit12 Network""]","[""printer dlya zakupok"",""kartridzh moskva"",""tehpodderzhka moskva"",""ofisnaya mebel portal postavshikov"",""autsorsing municipal"",""klining portal postavshikov"",""soprovozhdenie municipal"",""tehpodderzhka municipal""]","2026-03-27T19:29:33.9931988Z"
"user_0089","org_012","[""Office and Supplies"",""Services"",""Transport""]","[""ste_000157"",""ste_001028"",""ste_000942"",""ste_000053""]","[""AO Transit21 Supply"",""OOO Smart16 Systems"",""AO Transit3 Solutions""]","[""obsluzhivanie municipal"",""autsorsing portal postavshikov"",""kartridzh moskva"",""printer moskva"",""tehpodderzhka municipal"",""soprovozhdenie municipal"",""autsorsing moskva"",""tehpodderzka moskva""]","2026-03-27T19:29:33.9931988Z"
"user_0090","org_012","[""Office and Supplies"",""Transport"",""IT and Equipment""]","[""ste_000262"",""ste_001060"",""ste_000076"",""ste_000322""]","[""AO Vector1 Logistics"",""OOO City6 Network"",""ZAO Urban20 Solutions""]","[""passazhirskie perevozki moskva"",""arenda transporta moskva"",""logistika moskva"",""arenda transporta"",""printer municipal"",""bumga dlya zakupok"",""mikroavtobus dlya zakupok"",""ofisnaya mebel municipal""]","2026-03-27T19:29:33.9931988Z"
"user_0091","org_012","[""Transport"",""Services"",""Office and Supplies""]","[""ste_000584"",""ste_000147"",""ste_000233"",""ste_000584""]","[""AO Smart2 Service"",""AO Metro26 Supply"",""IP Infra10 Systems""]","[""autsorsing moskva"",""autsorsing"",""soprovozhdenie"",""arenda transporta"",""passazhirskie perevozki moskva"",""obsluzhivanie"",""klining municipal"",""passazhirskiy transport""]","2026-03-27T19:29:33.9931988Z"
"user_0092","org_012","[""Office and Supplies"",""IT and Equipment""]","[""ste_000993"",""ste_000152"",""ste_001165"",""ste_000621""]","[""IP Smart29 Supply"",""IP City24 Group"",""IP Transit12 Network""]","[""setevoe oborudovanie dlya zakupok"",""printer moskva"",""printer"",""setevoe oborudovanie"",""printer dlya zakupok"",""rabochaya stanciya moskva"",""ofisnaya mebel municipal"",""kommutator dlya zakupok""]","2026-03-27T19:29:33.9931988Z"
"user_0093","org_012","[""Office and Supplies"",""Transport"",""IT and Equipment""]","[""ste_000064"",""ste_001115"",""ste_000806"",""ste_000503""]","[""IP Smart29 Supply"",""AO Transit3 Solutions"",""AO Transit18 Network""]","[""kartridzh portal postavshikov"",""printer dlya zakupok"",""kartridzh dlya zakupok"",""ofisnaya mebel municipal"",""arenda transporta"",""avtobus municipal"",""passazhirskiy transport portal postavshikov"",""passazhirskie perevozki moskva""]","2026-03-27T19:29:33.9931988Z"
"user_0094","org_012","[""Office and Supplies"",""Transport"",""Services""]","[""ste_001044"",""ste_001121"",""ste_000769"",""ste_000875""]","[""ZAO Nova4 Group"",""IP Vector27 Network"",""AO Smart2 Service""]","[""kanctovri municipal"",""kartridzh municipal"",""kartridzh"",""printer dlya zakupok"",""kanctovary municipal"",""logistika municipal"",""ofisnaya mebel"",""arenda transporta municipal""]","2026-03-27T19:29:33.9931988Z"
"user_0095","org_012","[""Transport"",""Services""]","[""ste_000391"",""ste_000962"",""ste_000177"",""ste_000141""]","[""OOO Transit13 Supply"",""AO Transit18 Network"",""AO Urban17 Solutions""]","[""passazhirskie perevozki dlya zakupok"",""mikroaftobus portal postavshikov"",""tehpodderzhka"",""passazhirskie perevozki moskva"",""arenda transporta municipal"",""autsorsing portal postavshikov"",""perevozki dlya zakupok"",""cleaning service municipal""]","2026-03-27T19:29:33.9931988Z"
"user_0096","org_012","[""IT and Equipment"",""Transport"",""Office and Supplies""]","[""ste_000040"",""ste_000340"",""ste_000491"",""ste_000758""]","[""ZAO Nova4 Group"",""IP Smart22 Service"",""OOO Metro28 Systems""]","[""rabochaya stanciya portal postavshikov"",""setevoy kommutator dlya zakupok"",""aftobus municipal"",""setevoe oborudovanie moskva"",""noutbuk dlya zakupok"",""aftobus portal postavshikov"",""passazhirskie perevozki moskva"",""passazhirskie perevozki portal postavshikov""]","2026-03-27T19:29:33.9931988Z"
