"id","organization_id","name","role"
"user_0001","org_001","User 1","manager"
"user_0002","org_001","User 2","customer"
"user_0003","org_001","User 3","customer"
"user_0004","org_001","User 4","manager"
"user_0005","org_001","User 5","analyst"
"user_0006","org_001","User 6","analyst"
"user_0007","org_001","User 7","customer"
"user_0008","org_001","User 8","analyst"
"user_0009","org_002","User 9","analyst"
"user_0010","org_002","User 10","analyst"
"user_0011","org_002","User 11","manager"
"user_0012","org_002","User 12","customer"
"user_0013","org_002","User 13","analyst"
"user_0014","org_002","User 14","manager"
"user_0015","org_002","User 15","analyst"
"user_0016","org_002","User 16","analyst"
"user_0017","org_003","User 17","customer"
"user_0018","org_003","User 18","manager"
"user_0019","org_003","User 19","analyst"
"user_0020","org_003","User 20","analyst"
"user_0021","org_003","User 21","manager"
"user_0022","org_003","User 22","manager"
"user_0023","org_003","User 23","manager"
"user_0024","org_003","User 24","analyst"
"user_0025","org_004","User 25","manager"
"user_0026","org_004","User 26","manager"
"user_0027","org_004","User 27","analyst"
"user_0028","org_004","User 28","manager"
"user_0029","org_004","User 29","manager"
"user_0030","org_004","User 30","analyst"
"user_0031","org_004","User 31","customer"
"user_0032","org_004","User 32","customer"
"user_0033","org_005","User 33","customer"
"user_0034","org_005","User 34","customer"
"user_0035","org_005","User 35","customer"
"user_0036","org_005","User 36","manager"
"user_0037","org_005","User 37","customer"
"user_0038","org_005","User 38","analyst"
"user_0039","org_005","User 39","customer"
"user_0040","org_005","User 40","analyst"
"user_0041","org_006","User 41","analyst"
"user_0042","org_006","User 42","manager"
"user_0043","org_006","User 43","analyst"
"user_0044","org_006","User 44","analyst"
"user_0045","org_006","User 45","customer"
"user_0046","org_006","User 46","manager"
"user_0047","org_006","User 47","customer"
"user_0048","org_006","User 48","analyst"
"user_0049","org_007","User 49","manager"
"user_0050","org_007","User 50","analyst"
"user_0051","org_007","User 51","analyst"
"user_0052","org_007","User 52","manager"
"user_0053","org_007","User 53","manager"
"user_0054","org_007","User 54","customer"
"user_0055","org_007","User 55","customer"
"user_0056","org_007","User 56","analyst"
"user_0057","org_008","User 57","manager"
"user_0058","org_008","User 58","customer"
"user_0059","org_008","User 59","customer"
"user_0060","org_008","User 60","analyst"
"user_0061","org_008","User 61","customer"
"user_0062","org_008","User 62","customer"
"user_0063","org_008","User 63","customer"
"user_0064","org_008","User 64","customer"
"user_0065","org_009","User 65","customer"
"user_0066","org_009","User 66","manager"
"user_0067","org_009","User 67","customer"
"user_0068","org_009","User 68","customer"
"user_0069","org_009","User 69","manager"
"user_0070","org_009","User 70","analyst"
"user_0071","org_009","User 71","analyst"
"user_0072","org_009","User 72","manager"
"user_0073","org_010","User 73","customer"
"user_0074","org_010","User 74","customer"
"user_0075","org_010","User 75","customer"
"user_0076","org_010","User 76","analyst"
"user_0077","org_010","User 77","customer"
"user_0078","org_010","User 78","manager"
"user_0079","org_010","User 79","analyst"
"user_0080","org_010","User 80","customer"
"user_0081","org_011","User 81","customer"
"user_0082","org_011","User 82","analyst"
"user_0083","org_011","User 83","analyst"
"user_0084","org_011","User 84","customer"
"user_0085","org_011","User 85","customer"
"user_0086","org_011","User 86","analyst"
"user_0087","org_011","User 87","analyst"
"user_0088","org_011","User 88","analyst"
"user_0089","org_012","User 89","analyst"
"user_0090","org_012","User 90","manager"
"user_0091","org_012","User 91","analyst"
"user_0092","org_012","User 92","analyst"
"user_0093","org_012","User 93","analyst"
"user_0094","org_012","User 94","manager"
"user_0095","org_012","User 95","manager"
"user_0096","org_012","User 96","analyst"
